date,day_of_week,is_weekend,google_ads_spend,facebook_ads_spend,email_spend,total_ad_spend,revenue,transactions,avg_order_value
2023-01-01,6,1,2159.34,1423.2,519.58,4102.12,15436.24,318,48.54
2023-01-02,0,0,1979.17,1551.7,402.16,3933.03,16869.96,447,37.74
2023-01-03,1,0,2225.28,1512.84,540.83,4278.95,15417.3,322,47.88
2023-01-04,2,0,2498.19,1533.3,329.74,4361.23,18748.8,452,41.48
2023-01-05,3,0,1981.33,1362.59,602.92,3946.84,17213.85,389,44.25
2023-01-06,4,0,1991.62,1525.52,747.26,4264.4,18326.1,328,55.87
2023-01-07,5,1,2545.89,1623.64,525.6,4695.13,13963.12,209,66.81
2023-01-08,6,1,2312.6,1817.68,598.27,4728.55,18888.43,350,53.97
2023-01-09,0,0,1951.74,1722.72,666.55,4341.01,17477.44,459,38.08
2023-01-10,1,0,2265.54,1964.9,601.44,4831.88,19701.93,362,54.43
2023-01-11,2,0,1973.91,1384.18,315.91,3674.0,15864.77,256,61.97
2023-01-12,3,0,1983.34,1715.49,372.04,4070.87,18140.04,413,43.92
2023-01-13,4,0,2205.74,1581.05,637.52,4424.31,17032.93,350,48.67
2023-01-14,5,1,1569.22,1985.7,502.61,4057.53,15104.44,301,50.18
2023-01-15,6,1,1635.74,1389.41,551.77,3576.92,16972.54,403,42.12
2023-01-16,0,0,1994.49,1386.45,427.43,3808.37,17121.27,303,56.51
2023-01-17,1,0,1869.24,1437.82,518.68,3825.74,17496.76,359,48.74
2023-01-18,2,0,2277.23,1136.21,424.46,3837.9,18468.05,341,54.16
2023-01-19,3,0,1920.35,1459.1,438.85,3818.3,17927.7,436,41.12
2023-01-20,4,0,1778.82,1415.68,559.33,3753.83,17403.48,381,45.68
2023-01-21,5,1,2651.9,1600.81,407.68,4660.39,17879.53,312,57.31
2023-01-22,6,1,2154.1,1642.3,364.83,4161.23,18982.69,410,46.3
2023-01-23,0,0,2251.66,1952.37,402.41,4606.44,18933.65,281,67.38
2023-01-24,1,0,1813.47,1770.38,605.36,4189.21,18293.44,398,45.96
2023-01-25,2,0,2087.0,1468.06,405.06,3960.12,19083.38,365,52.28
2023-01-26,3,0,2292.94,1406.87,763.24,4463.05,19863.28,335,59.29
2023-01-27,4,0,1923.64,1688.03,749.33,4361.0,19660.37,549,35.81
2023-01-28,5,1,2390.84,1328.66,518.48,4237.98,17613.94,544,32.38
2023-01-29,6,1,2107.05,1962.04,414.16,4483.25,16149.09,465,34.73
2023-01-30,0,0,2208.76,1834.64,570.03,4613.43,20854.27,333,62.63
2023-01-31,1,0,2124.69,1507.9,442.44,4075.03,17333.33,390,44.44
2023-02-01,2,0,2869.73,1262.06,512.2,4643.99,20017.63,265,75.54
2023-02-02,3,0,2318.75,1878.38,756.01,4953.14,19070.82,430,44.35
2023-02-03,4,0,2014.15,1587.58,690.39,4292.12,18693.23,361,51.78
2023-02-04,5,1,2586.78,1860.9,614.93,5062.61,18853.7,288,65.46
2023-02-05,6,1,1982.23,1297.27,429.68,3709.18,16642.45,238,69.93
2023-02-06,0,0,2419.5,1499.07,496.5,4415.07,19790.2,280,70.68
2023-02-07,1,0,1777.19,1622.74,677.08,4077.01,20104.71,324,62.05
2023-02-08,2,0,1974.77,1633.81,437.3,4045.88,19157.23,318,60.24
2023-02-09,3,0,2440.32,1537.07,681.24,4658.63,19529.63,349,55.96
2023-02-10,4,0,2610.72,1754.3,770.78,5135.8,21533.63,373,57.73
2023-02-11,5,1,2448.39,1418.8,443.75,4310.94,18845.38,424,44.45
2023-02-12,6,1,2369.97,1606.41,563.24,4539.62,16705.03,399,41.87
2023-02-13,0,0,2321.9,1661.47,597.26,4580.63,20391.82,408,49.98
2023-02-14,1,0,1976.12,1742.78,562.18,4281.08,19928.13,413,48.25
2023-02-15,2,0,2211.04,1784.65,342.98,4338.67,19279.45,424,45.47
2023-02-16,3,0,2295.99,1419.8,427.29,4143.08,20695.62,363,57.01
2023-02-17,4,0,2758.39,1340.26,675.25,4773.9,20258.61,340,59.58
2023-02-18,5,1,2551.27,1904.93,492.56,4948.76,18982.84,373,50.89
2023-02-19,6,1,1926.07,1718.12,562.07,4206.26,17252.0,266,64.86
2023-02-20,0,0,2558.87,1504.19,517.77,4580.83,20215.62,524,38.58
2023-02-21,1,0,2352.65,1966.29,366.47,4685.41,19265.82,401,48.04
2023-02-22,2,0,2271.49,1681.32,538.02,4490.83,18535.77,433,42.81
2023-02-23,3,0,2664.32,1896.13,561.06,5121.51,22732.48,725,31.36
2023-02-24,4,0,2796.22,1675.81,755.98,5228.01,20449.8,416,49.16
2023-02-25,5,1,2772.27,2076.44,608.08,5456.79,18870.66,387,48.76
2023-02-26,6,1,2246.94,2017.3,583.39,4847.63,16569.31,254,65.23
2023-02-27,0,0,2411.61,1618.33,545.92,4575.86,19679.52,349,56.39
2023-02-28,1,0,2609.27,1864.28,492.98,4966.53,19734.3,496,39.79
2023-03-01,2,0,2807.92,1800.83,333.9,4942.65,22869.3,334,68.47
2023-03-02,3,0,2376.72,1947.22,542.96,4866.9,21829.42,351,62.19
2023-03-03,4,0,2469.84,1482.19,720.77,4672.8,19823.26,355,55.84
2023-03-04,5,1,2198.54,1814.02,527.16,4539.72,20652.08,433,47.7
2023-03-05,6,1,2176.33,1890.08,372.33,4438.74,19316.42,478,40.41
2023-03-06,0,0,2783.54,1328.18,391.89,4503.61,20325.3,439,46.3
2023-03-07,1,0,2951.08,1444.75,605.32,5001.15,18896.24,310,60.96
2023-03-08,2,0,2526.87,1274.98,496.04,4297.89,22495.59,327,68.79
2023-03-09,3,0,2853.64,1630.31,568.15,5052.1,20094.25,307,65.45
2023-03-10,4,0,2665.02,1829.02,702.83,5196.87,19913.61,441,45.16
2023-03-11,5,1,2366.77,1987.24,502.98,4856.99,20121.22,519,38.77
2023-03-12,6,1,2672.33,1702.79,593.83,4968.95,21829.06,425,51.36
2023-03-13,0,0,3028.77,2014.84,448.4,5492.01,23749.26,735,32.31
2023-03-14,1,0,2559.89,1414.19,509.61,4483.69,21167.75,398,53.19
2023-03-15,2,0,3043.13,1350.57,453.77,4847.47,22029.35,454,48.52
2023-03-16,3,0,1790.75,1681.12,456.55,3928.42,20296.54,448,45.3
2023-03-17,4,0,2826.01,1769.96,669.08,5265.05,22632.2,665,34.03
2023-03-18,5,1,2608.15,1687.47,522.21,4817.83,19524.58,354,55.15
2023-03-19,6,1,2494.76,1281.33,452.13,4228.22,18451.8,413,44.68
2023-03-20,0,0,2614.24,1677.75,625.58,4917.57,21241.62,555,38.27
2023-03-21,1,0,1992.51,1435.37,410.54,3838.42,18738.57,881,21.27
2023-03-22,2,0,2524.78,1830.83,481.31,4836.92,20949.87,421,49.76
2023-03-23,3,0,2699.54,1770.79,456.03,4926.36,19780.39,292,67.74
2023-03-24,4,0,3037.33,1510.01,844.7,5392.04,22055.83,331,66.63
2023-03-25,5,1,2439.85,1595.67,519.66,4555.18,17834.44,393,45.38
2023-03-26,6,1,2353.98,1487.0,603.18,4444.16,17473.32,397,44.01
2023-03-27,0,0,2447.02,1686.65,351.44,4485.11,20943.12,383,54.68
2023-03-28,1,0,2873.02,1890.49,526.71,5290.22,23492.45,587,40.02
2023-03-29,2,0,2697.69,1502.54,588.96,4789.19,22151.77,418,52.99
2023-03-30,3,0,2440.62,1800.66,508.23,4749.51,19517.71,338,57.74
2023-03-31,4,0,2753.84,1593.9,806.55,5154.29,20714.76,333,62.21
2023-04-01,5,1,2629.12,1541.42,448.27,4618.81,20009.39,408,49.04
2023-04-02,6,1,2890.54,1678.58,640.93,5210.05,19007.19,396,48.0
2023-04-03,0,0,2389.11,1492.86,729.89,4611.86,20521.41,498,41.21
2023-04-04,1,0,2501.03,1589.05,463.72,4553.8,21396.03,513,41.71
2023-04-05,2,0,2481.12,1460.01,455.45,4396.58,19633.1,411,47.77
2023-04-06,3,0,2158.94,2092.28,645.34,4896.56,21196.99,395,53.66
2023-04-07,4,0,2685.9,1706.07,857.96,5249.93,20440.16,346,59.08
2023-04-08,5,1,2674.27,1558.71,447.71,4680.69,18565.75,442,42.0
2023-04-09,6,1,2596.2,1741.02,457.98,4795.2,19609.04,302,64.93
2023-04-10,0,0,2522.83,1675.27,471.82,4669.92,19403.43,410,47.33
2023-04-11,1,0,2166.96,1653.0,365.55,4185.51,20577.28,413,49.82
2023-04-12,2,0,2463.56,1819.42,408.13,4691.11,20993.53,494,42.5
2023-04-13,3,0,2484.95,1847.42,399.59,4731.96,21631.96,840,25.75
2023-04-14,4,0,2344.92,1589.1,623.22,4557.24,20848.67,354,58.89
2023-04-15,5,1,2534.89,1579.26,496.53,4610.68,20278.23,353,57.45
2023-04-16,6,1,2701.98,1638.58,523.42,4863.98,19478.71,413,47.16
2023-04-17,0,0,3143.94,1232.31,655.05,5031.3,21252.4,419,50.72
2023-04-18,1,0,2627.6,1388.71,400.16,4416.47,20736.88,376,55.15
2023-04-19,2,0,2649.47,1964.11,598.43,5212.01,22247.89,647,34.39
2023-04-20,3,0,2546.68,2018.67,478.6,5043.95,21493.91,481,44.69
2023-04-21,4,0,1990.03,1638.75,695.05,4323.83,20002.1,345,57.98
2023-04-22,5,1,2554.17,1802.69,567.48,4924.34,18566.92,496,37.43
2023-04-23,6,1,2576.5,1748.39,387.73,4712.62,18373.77,347,52.95
2023-04-24,0,0,3293.55,2300.63,538.24,6132.42,21946.55,602,36.46
2023-04-25,1,0,2492.84,1907.43,516.65,4916.92,22865.8,418,54.7
2023-04-26,2,0,2636.83,1656.54,549.25,4842.62,19795.66,399,49.61
2023-04-27,3,0,2531.6,1489.56,528.92,4550.08,19843.62,586,33.86
2023-04-28,4,0,2186.9,1357.88,945.53,4490.31,19325.26,313,61.74
2023-04-29,5,1,2875.68,1718.3,436.23,5030.21,20424.52,479,42.64
2023-04-30,6,1,2753.59,1524.73,446.9,4725.22,18690.25,446,41.91
2023-05-01,0,0,2760.33,1389.89,437.69,4587.91,21906.05,421,52.03
2023-05-02,1,0,2245.07,1543.31,444.45,4232.83,19165.5,312,61.43
2023-05-03,2,0,2933.43,1454.55,436.26,4824.24,21326.92,535,39.86
2023-05-04,3,0,2086.59,2006.48,618.9,4711.97,19502.21,385,50.66
2023-05-05,4,0,2677.61,1843.51,842.05,5363.17,23615.47,435,54.29
2023-05-06,5,1,3152.95,1663.68,442.93,5259.56,18663.94,328,56.9
2023-05-07,6,1,2192.76,1959.3,416.76,4568.82,18633.23,360,51.76
2023-05-08,0,0,2314.0,1676.77,547.14,4537.91,20743.51,448,46.3
2023-05-09,1,0,2507.61,1486.98,444.78,4439.37,20492.81,491,41.74
2023-05-10,2,0,2320.35,1961.75,563.29,4845.39,20318.28,399,50.92
2023-05-11,3,0,1999.73,1762.76,520.29,4282.78,19358.72,493,39.27
2023-05-12,4,0,2478.9,1445.33,548.43,4472.66,20009.7,963,20.78
2023-05-13,5,1,2132.91,1612.47,654.75,4400.13,17611.57,324,54.36
2023-05-14,6,1,2586.81,1473.12,679.59,4739.52,19416.89,329,59.02
2023-05-15,0,0,2161.91,1369.35,438.72,3969.98,21215.76,805,26.35
2023-05-16,1,0,2895.59,1828.77,461.23,5185.59,20591.1,516,39.91
2023-05-17,2,0,2188.37,2023.0,528.59,4739.96,18686.78,333,56.12
2023-05-18,3,0,2319.35,1358.94,533.45,4211.74,19202.12,272,70.6
2023-05-19,4,0,2652.52,1748.75,765.85,5167.12,23316.05,464,50.25
2023-05-20,5,1,2031.58,1503.48,701.02,4236.08,16419.29,384,42.76
2023-05-21,6,1,2461.33,1533.61,482.31,4477.25,19515.14,405,48.19
2023-05-22,0,0,2777.38,1509.93,420.17,4707.48,21843.68,343,63.68
2023-05-23,1,0,1895.01,1452.95,362.07,3710.03,17664.23,406,43.51
2023-05-24,2,0,2424.56,1632.76,426.91,4484.23,20140.01,479,42.05
2023-05-25,3,0,2438.94,1454.13,496.69,4389.76,20989.04,465,45.14
2023-05-26,4,0,2587.22,1671.65,879.46,5138.33,19945.59,493,40.46
2023-05-27,5,1,1973.18,1604.71,448.24,4026.13,16561.19,323,51.27
2023-05-28,6,1,1939.62,1564.13,522.38,4026.13,16093.08,243,66.23
2023-05-29,0,0,2483.73,1427.54,498.36,4409.63,18228.08,342,53.3
2023-05-30,1,0,2407.53,1490.79,618.84,4517.16,18613.01,392,47.48
2023-05-31,2,0,2384.79,1754.29,752.69,4891.77,18477.95,392,47.14
2023-06-01,3,0,2404.68,1700.43,446.91,4552.02,19344.73,563,34.36
2023-06-02,4,0,2087.76,1401.74,651.06,4140.56,17618.03,299,58.92
2023-06-03,5,1,2352.37,1614.1,604.42,4570.89,17665.55,359,49.21
2023-06-04,6,1,2361.47,1741.46,568.19,4671.12,16009.98,332,48.22
2023-06-05,0,0,2050.01,1254.22,684.67,3988.9,18318.45,224,81.78
2023-06-06,1,0,2814.73,1693.67,558.39,5066.79,20836.9,393,53.02
2023-06-07,2,0,2387.76,1449.35,464.07,4301.18,16647.95,392,42.47
2023-06-08,3,0,1878.76,1692.84,559.07,4130.67,18410.68,403,45.68
2023-06-09,4,0,2423.59,1422.89,810.87,4657.35,20153.18,328,61.44
2023-06-10,5,1,1924.62,1211.37,582.05,3718.04,14461.07,283,51.1
2023-06-11,6,1,2443.49,1243.61,550.73,4237.83,18357.02,515,35.64
2023-06-12,0,0,2545.22,1575.5,606.67,4727.39,19467.61,329,59.17
2023-06-13,1,0,1941.66,1614.57,616.93,4173.16,17156.41,396,43.32
2023-06-14,2,0,2467.04,1378.48,638.22,4483.74,18474.39,269,68.68
2023-06-15,3,0,2291.97,1683.76,564.87,4540.6,19073.48,314,60.74
2023-06-16,4,0,2404.82,1220.43,683.29,4308.54,18190.57,400,45.48
2023-06-17,5,1,2717.25,1536.19,514.67,4768.11,17922.12,285,62.88
2023-06-18,6,1,2064.57,1303.86,620.65,3989.08,14872.18,293,50.76
2023-06-19,0,0,1901.99,1412.34,418.31,3732.64,17150.72,293,58.53
2023-06-20,1,0,1851.15,1548.81,536.87,3936.83,15738.69,287,54.84
2023-06-21,2,0,1863.12,1363.87,460.67,3687.66,16660.78,401,41.55
2023-06-22,3,0,2074.55,1455.65,502.87,4033.07,16419.97,377,43.55
2023-06-23,4,0,2189.83,1730.42,827.85,4748.1,17504.99,290,60.36
2023-06-24,5,1,2160.26,1410.37,519.11,4089.74,17019.58,365,46.63
2023-06-25,6,1,2315.15,1689.47,504.64,4509.26,17545.19,382,45.93
2023-06-26,0,0,2060.62,1292.97,364.01,3717.6,17317.46,428,40.46
2023-06-27,1,0,2482.49,1621.44,574.63,4678.56,17111.61,316,54.15
2023-06-28,2,0,1956.73,1800.36,564.55,4321.64,17042.78,241,70.72
2023-06-29,3,0,2841.86,1014.28,716.33,4572.47,19263.63,490,39.31
2023-06-30,4,0,2203.19,1345.78,669.22,4218.19,17313.45,345,50.18
2023-07-01,5,1,1748.02,1617.14,521.92,3887.08,17284.93,270,64.02
2023-07-02,6,1,1673.57,1457.67,524.94,3656.18,14929.95,303,49.27
2023-07-03,0,0,2129.25,1569.07,657.75,4356.07,17384.44,319,54.5
2023-07-04,1,0,1907.15,1370.6,490.47,3768.22,15922.48,404,39.41
2023-07-05,2,0,2178.07,1505.28,527.9,4211.25,17094.86,315,54.27
2023-07-06,3,0,2095.54,1453.39,560.79,4109.72,16547.32,344,48.1
2023-07-07,4,0,1921.43,1714.65,718.66,4354.74,17557.99,293,59.92
2023-07-08,5,1,1678.97,1528.55,455.36,3662.88,15278.09,247,61.85
2023-07-09,6,1,1468.3,1541.77,519.41,3529.48,13154.36,173,76.04
2023-07-10,0,0,1778.57,1388.46,607.36,3774.39,14478.56,259,55.9
2023-07-11,1,0,2159.24,1369.92,397.35,3926.51,14446.07,271,53.31
2023-07-12,2,0,1956.37,1377.54,513.3,3847.21,16461.03,317,51.93
2023-07-13,3,0,1508.27,1539.56,429.99,3477.82,14062.49,303,46.41
2023-07-14,4,0,1923.84,1373.1,819.5,4116.44,13933.38,261,53.38
2023-07-15,5,1,1977.41,1511.89,347.68,3836.98,14871.64,316,47.06
2023-07-16,6,1,1586.63,1865.68,444.11,3896.42,16778.97,325,51.63
2023-07-17,0,0,1887.92,1621.49,537.72,4047.13,15948.73,252,63.29
2023-07-18,1,0,1849.32,1378.75,656.55,3884.62,16421.12,411,39.95
2023-07-19,2,0,1479.08,1680.9,493.42,3653.4,15164.63,247,61.4
2023-07-20,3,0,1919.47,1355.76,444.48,3719.71,15278.86,242,63.14
2023-07-21,4,0,1970.59,1026.49,888.12,3885.2,16299.89,334,48.8
2023-07-22,5,1,2117.55,1229.26,355.2,3702.01,13762.6,478,28.79
2023-07-23,6,1,2099.11,1053.5,280.12,3432.73,13903.61,317,43.86
2023-07-24,0,0,1360.07,1354.16,544.0,3258.23,14483.96,230,62.97
2023-07-25,1,0,1482.5,1424.97,449.79,3357.26,13703.38,275,49.83
2023-07-26,2,0,1908.9,1753.42,397.88,4060.2,16609.77,415,40.02
2023-07-27,3,0,1899.14,1480.39,570.84,3950.37,15139.72,337,44.92
2023-07-28,4,0,1890.2,1368.08,724.38,3982.66,14479.6,248,58.39
2023-07-29,5,1,2882.28,1574.7,443.59,4900.57,16444.14,296,55.55
2023-07-30,6,1,1888.57,963.54,371.97,3224.08,11994.5,252,47.6
2023-07-31,0,0,2048.91,1449.87,587.25,4086.03,15429.22,333,46.33
2023-08-01,1,0,1985.46,1553.92,565.02,4104.4,15353.97,333,46.11
2023-08-02,2,0,1885.78,1101.07,490.08,3476.93,15450.96,379,40.77
2023-08-03,3,0,1586.98,1622.6,684.66,3894.24,15175.04,229,66.27
2023-08-04,4,0,1900.55,1458.65,592.99,3952.19,14921.31,319,46.78
2023-08-05,5,1,1432.4,1305.02,347.45,3084.87,13060.6,210,62.19
2023-08-06,6,1,1584.69,1511.8,430.81,3527.3,14294.98,219,65.27
2023-08-07,0,0,1501.72,1836.58,495.44,3833.74,15048.21,251,59.95
2023-08-08,1,0,1663.59,1416.05,524.33,3603.97,14181.06,310,45.75
2023-08-09,2,0,2325.23,1426.59,475.88,4227.7,14108.52,261,54.06
2023-08-10,3,0,1062.56,1282.38,535.21,2880.15,11632.49,234,49.71
2023-08-11,4,0,1820.65,1201.62,574.85,3597.12,13787.18,337,40.91
2023-08-12,5,1,1123.09,1535.04,644.38,3302.51,11412.95,214,53.33
2023-08-13,6,1,1457.58,1195.17,491.78,3144.53,11809.17,309,38.22
2023-08-14,0,0,1918.22,1378.16,611.73,3908.11,14529.74,235,61.83
2023-08-15,1,0,1603.32,1265.81,534.27,3403.4,14089.47,311,45.3
2023-08-16,2,0,1253.33,1454.68,545.68,3253.69,13047.1,251,51.98
2023-08-17,3,0,1354.8,1423.2,556.98,3334.98,13734.85,260,52.83
2023-08-18,4,0,1766.14,1561.6,744.77,4072.51,14495.26,306,47.37
2023-08-19,5,1,1336.16,1249.75,564.27,3150.18,9745.63,174,56.01
2023-08-20,6,1,1613.34,1295.49,632.92,3541.75,11444.19,253,45.23
2023-08-21,0,0,1555.34,1151.47,519.65,3226.46,12921.78,220,58.74
2023-08-22,1,0,1339.59,1256.16,570.9,3166.65,11599.98,317,36.59
2023-08-23,2,0,2171.79,1418.33,491.03,4081.15,15205.09,297,51.2
2023-08-24,3,0,1712.47,1492.16,644.01,3848.64,15449.39,223,69.28
2023-08-25,4,0,908.57,1154.27,632.36,2695.2,12980.23,325,39.94
2023-08-26,5,1,1566.01,1510.61,680.09,3756.71,12282.43,284,43.25
2023-08-27,6,1,1305.65,1605.86,495.98,3407.49,13399.6,243,55.14
2023-08-28,0,0,1754.17,1415.5,356.92,3526.59,13629.42,263,51.82
2023-08-29,1,0,1255.09,1706.31,512.81,3474.21,12709.63,238,53.4
2023-08-30,2,0,1452.99,1174.38,431.89,3059.26,11923.06,217,54.94
2023-08-31,3,0,1633.61,1078.44,584.06,3296.11,12577.05,223,56.4
2023-09-01,4,0,1736.7,969.91,634.74,3341.35,12559.72,206,60.97
2023-09-02,5,1,1111.9,1623.21,455.38,3190.49,11540.38,213,54.18
2023-09-03,6,1,1366.82,1453.26,311.05,3131.13,11620.6,244,47.63
2023-09-04,0,0,1320.01,1309.72,454.77,3084.5,12374.9,218,56.77
2023-09-05,1,0,1261.99,1375.32,257.61,2894.92,12571.44,182,69.07
2023-09-06,2,0,1983.27,1092.78,341.61,3417.66,14406.16,296,48.67
2023-09-07,3,0,1570.94,1805.63,576.04,3952.61,14623.18,363,40.28
2023-09-08,4,0,1067.16,1340.99,778.58,3186.73,10666.61,175,60.95
2023-09-09,5,1,1716.92,1335.73,542.55,3595.2,9552.73,196,48.74
2023-09-10,6,1,2074.52,1457.78,403.3,3935.6,13784.28,488,28.25
2023-09-11,0,0,1744.08,1407.65,495.23,3646.96,11899.71,204,58.33
2023-09-12,1,0,975.17,1355.1,499.64,2829.91,11412.79,256,44.58
2023-09-13,2,0,1282.52,1151.17,384.16,2817.85,10644.8,217,49.05
2023-09-14,3,0,1804.84,1402.55,650.34,3857.73,11685.72,219,53.36
2023-09-15,4,0,1209.62,1683.71,787.74,3681.07,13383.59,258,51.87
2023-09-16,5,1,1552.38,1575.5,477.9,3605.78,12736.83,223,57.12
2023-09-17,6,1,1649.12,1624.21,502.69,3776.02,11681.84,256,45.63
2023-09-18,0,0,1136.31,1202.55,520.84,2859.7,9078.23,165,55.02
2023-09-19,1,0,1394.37,1106.16,295.83,2796.36,11258.72,238,47.31
2023-09-20,2,0,500.0,1278.26,475.28,2253.54,10835.69,189,57.33
2023-09-21,3,0,1101.11,1313.96,431.8,2846.87,10168.21,181,56.18
2023-09-22,4,0,1331.02,1521.1,599.84,3451.96,12760.87,314,40.64
2023-09-23,5,1,1031.0,963.28,471.89,2466.17,9936.16,163,60.96
2023-09-24,6,1,1893.77,1607.26,679.77,4180.8,13424.68,301,44.6
2023-09-25,0,0,973.89,1269.38,564.08,2807.35,11550.2,199,58.04
2023-09-26,1,0,1269.99,1215.29,442.88,2928.16,10842.76,202,53.68
2023-09-27,2,0,1440.47,1098.0,557.26,3095.73,13288.02,194,68.49
2023-09-28,3,0,1833.05,969.25,639.94,3442.24,12604.75,264,47.75
2023-09-29,4,0,969.51,1464.72,792.46,3226.69,11902.63,256,46.49
2023-09-30,5,1,1749.0,1314.68,505.96,3569.64,10992.93,221,49.74
2023-10-01,6,1,1403.08,1042.01,435.31,2880.4,10311.21,220,46.87
2023-10-02,0,0,1105.69,1041.03,569.82,2716.54,10458.63,180,58.1
2023-10-03,1,0,1539.08,1232.99,539.35,3311.42,12296.3,363,33.87
2023-10-04,2,0,1460.66,1634.12,589.52,3684.3,14678.41,372,39.46
2023-10-05,3,0,1221.54,1248.62,563.52,3033.68,10515.65,267,39.38
2023-10-06,4,0,1423.39,1000.19,804.96,3228.54,10550.7,177,59.61
2023-10-07,5,1,1287.88,1252.01,446.48,2986.37,12336.15,184,67.04
2023-10-08,6,1,1438.72,1247.01,631.74,3317.47,11140.21,228,48.86
2023-10-09,0,0,1604.68,762.64,519.76,2887.08,11234.2,233,48.22
2023-10-10,1,0,1883.4,1291.67,707.53,3882.6,14489.68,286,50.66
2023-10-11,2,0,1037.97,1256.92,431.08,2725.97,10833.36,176,61.55
2023-10-12,3,0,2051.13,1442.98,673.6,4167.71,15822.41,389,40.67
2023-10-13,4,0,827.66,1674.22,719.79,3221.67,12630.83,241,52.41
2023-10-14,5,1,1370.0,1530.49,434.86,3335.35,10998.74,184,59.78
2023-10-15,6,1,1594.46,1252.21,451.61,3298.28,13702.48,249,55.03
2023-10-16,0,0,1504.85,1085.55,467.97,3058.37,11603.06,224,51.8
2023-10-17,1,0,1236.51,1822.45,542.42,3601.38,13607.82,227,59.95
2023-10-18,2,0,1363.82,1320.6,552.28,3236.7,12691.41,553,22.95
2023-10-19,3,0,1281.47,1312.57,442.63,3036.67,13423.0,236,56.88
2023-10-20,4,0,1255.83,1306.06,697.56,3259.45,13893.04,320,43.42
2023-10-21,5,1,1690.97,1351.65,714.23,3756.85,12259.0,387,31.68
2023-10-22,6,1,1546.8,1284.36,672.75,3503.91,11058.2,201,55.02
2023-10-23,0,0,1235.6,1199.76,543.63,2978.99,12491.82,196,63.73
2023-10-24,1,0,1717.3,1206.43,503.8,3427.53,12307.42,253,48.65
2023-10-25,2,0,1543.71,1310.62,512.0,3366.33,14836.37,249,59.58
2023-10-26,3,0,1699.65,1209.91,561.35,3470.91,13191.01,199,66.29
2023-10-27,4,0,1649.11,1177.5,597.72,3424.33,12597.98,199,63.31
2023-10-28,5,1,1216.11,1342.89,474.26,3033.26,11330.95,171,66.26
2023-10-29,6,1,1301.51,1272.19,333.14,2906.84,9742.94,170,57.31
2023-10-30,0,0,1698.65,1625.62,539.92,3864.19,12776.37,252,50.7
2023-10-31,1,0,1662.64,796.31,564.72,3023.67,13682.51,403,33.95
2023-11-01,2,0,2478.47,1546.55,451.68,4476.7,19495.26,410,47.55
2023-11-02,3,0,2525.31,1579.25,657.4,4761.96,19480.53,469,41.54
2023-11-03,4,0,2878.93,917.2,577.42,4373.55,20725.88,289,71.72
2023-11-04,5,1,2323.83,1265.23,353.56,3942.62,18715.28,388,48.24
2023-11-05,6,1,2671.24,1261.42,522.45,4455.11,19131.24,373,51.29
2023-11-06,0,0,2452.42,1056.19,604.71,4113.32,20655.26,372,55.52
2023-11-07,1,0,2453.88,1184.16,668.39,4306.43,19191.52,381,50.37
2023-11-08,2,0,2855.07,1119.7,454.11,4428.88,19049.14,285,66.84
2023-11-09,3,0,2779.45,1694.39,607.87,5081.71,22868.8,522,43.81
2023-11-10,4,0,2782.4,1533.25,696.15,5011.8,20929.91,403,51.94
2023-11-11,5,1,2936.66,1602.65,482.74,5022.05,19325.52,454,42.57
2023-11-12,6,1,2558.12,1494.94,588.37,4641.43,20120.43,547,36.78
2023-11-13,0,0,2763.34,1127.11,565.23,4455.68,21132.54,482,43.84
2023-11-14,1,0,2472.73,1250.37,342.36,4065.46,20448.33,412,49.63
2023-11-15,2,0,2670.26,1455.54,647.65,4773.45,23201.51,508,45.67
2023-11-16,3,0,2541.28,1115.68,638.01,4294.97,19652.2,456,43.1
2023-11-17,4,0,2616.87,1505.19,637.44,4759.5,21995.64,612,35.94
2023-11-18,5,1,2773.88,1317.05,539.58,4630.51,19150.09,389,49.23
2023-11-19,6,1,2357.55,1292.71,549.4,4199.66,18535.0,530,34.97
2023-11-20,0,0,3238.54,1512.47,526.07,5277.08,23854.42,414,57.62
2023-11-21,1,0,2316.94,1461.77,444.97,4223.68,20873.03,411,50.79
2023-11-22,2,0,2262.52,1303.4,432.84,3998.76,20585.12,581,35.43
2023-11-23,3,0,2982.35,1610.17,497.44,5089.96,23124.47,493,46.91
2023-11-24,4,0,2880.66,1164.84,817.27,4862.77,21176.73,499,42.44
2023-11-25,5,1,2838.76,1507.03,554.36,4900.15,18922.16,356,53.15
2023-11-26,6,1,2848.48,1505.28,462.94,4816.7,18677.92,295,63.31
2023-11-27,0,0,2664.86,1327.6,577.17,4569.63,19274.64,617,31.24
2023-11-28,1,0,2408.02,1457.63,215.15,4080.8,22659.82,443,51.15
2023-11-29,2,0,2708.69,1145.09,614.88,4468.66,20076.45,415,48.38
2023-11-30,3,0,2491.65,1583.07,326.03,4400.75,20936.67,369,56.74
2023-12-01,4,0,2996.27,1364.26,663.76,5024.29,21944.55,421,52.12
2023-12-02,5,1,2668.64,1299.71,388.03,4356.38,19511.52,459,42.51
2023-12-03,6,1,2474.22,1617.09,370.53,4461.84,20128.29,430,46.81
2023-12-04,0,0,2634.65,1269.49,616.08,4520.22,22305.39,531,42.01
2023-12-05,1,0,2864.21,1131.75,453.23,4449.19,20997.88,346,60.69
2023-12-06,2,0,2580.57,1105.24,534.65,4220.46,20934.93,417,50.2
2023-12-07,3,0,2512.44,1540.9,495.31,4548.65,21909.66,317,69.12
2023-12-08,4,0,2841.71,1166.78,747.7,4756.19,21775.61,441,49.38
2023-12-09,5,1,2851.66,1777.01,507.68,5136.35,22291.06,519,42.95
2023-12-10,6,1,2635.71,1012.88,371.7,4020.29,19501.54,559,34.89
2023-12-11,0,0,2656.17,1771.79,599.63,5027.59,23291.97,729,31.95
2023-12-12,1,0,2876.85,1477.95,450.62,4805.42,23120.33,677,34.15
2023-12-13,2,0,2382.62,1419.67,344.34,4146.63,22497.81,427,52.69
2023-12-14,3,0,2404.67,1333.32,457.19,4195.18,21582.09,392,55.06
2023-12-15,4,0,2621.29,1525.44,850.08,4996.81,21268.11,622,34.19
2023-12-16,5,1,2782.75,1441.4,585.02,4809.17,20811.17,353,58.96
2023-12-17,6,1,2950.07,1672.93,465.13,5088.13,20364.69,451,45.15
2023-12-18,0,0,3309.45,1478.46,465.07,5252.98,23107.29,449,51.46
2023-12-19,1,0,3134.24,1489.04,467.84,5091.12,23940.92,362,66.14
2023-12-20,2,0,2839.08,1389.63,707.67,4936.38,24143.89,409,59.03
2023-12-21,3,0,2891.52,1454.35,538.19,4884.06,23010.15,486,47.35
2023-12-22,4,0,2606.66,1530.7,743.0,4880.36,23098.27,562,41.1
2023-12-23,5,1,2912.08,1130.51,603.03,4645.62,22225.11,780,28.49
2023-12-24,6,1,2841.28,1206.32,523.88,4571.48,20700.14,484,42.77
2023-12-25,0,0,3034.95,1628.03,474.1,5137.08,26278.43,549,47.87
2023-12-26,1,0,2700.25,1516.98,480.37,4697.6,23463.95,585,40.11
2023-12-27,2,0,3114.52,1449.44,492.84,5056.8,21928.88,450,48.73
2023-12-28,3,0,3428.85,1493.36,496.28,5418.49,25192.5,496,50.79
2023-12-29,4,0,2946.72,1562.63,772.76,5282.11,24288.04,509,47.72
2023-12-30,5,1,3110.19,1388.61,505.19,5003.99,22804.33,524,43.52
2023-12-31,6,1,3207.04,1344.34,573.26,5124.64,22427.04,434,51.68
